"flow_id","anomaly_score","anomaly_reason","last_packet_info","confidence","packet_count","total_bytes","duration","event_time","flow","last_packet_time","encryption","time","diff"
"127.0.0.1:44444 -> 127.0.0.1:8056","0.0","Potential SYN Flood / Scan","Potential SYN Flood / Scan","0.9","1","54","0.001","1771338493.4413967","127.0.0.1:44444 -> 127.0.0.1:8056","1771338493.4413967","Unknown","1771338493964","1"
"127.0.0.1:44444 -> 127.0.0.1:8056","0.0","Potential SYN Flood / Scan","Potential SYN Flood / Scan","0.9","1","54","0.001","1771338493.4413967","127.0.0.1:44444 -> 127.0.0.1:8056","1771338493.4413967","Unknown","1771338494114","-1"
"127.0.0.1:8056 -> 127.0.0.1:8056","0.0","Potential SYN Flood / Scan","Potential SYN Flood / Scan","0.9","2","108","0.001009298324584961","1771338493.441406","127.0.0.1:8056 -> 127.0.0.1:8056","1771338493.441406","Unknown","1771338494114","1"
"127.0.0.1:8056 -> 127.0.0.1:8056","0.0","Potential SYN Flood / Scan","Potential SYN Flood / Scan","0.9","2","108","0.001009298324584961","1771338493.441406","127.0.0.1:8056 -> 127.0.0.1:8056","1771338493.441406","Unknown","1771338494306","-1"
"127.0.0.1:8056 -> 127.0.0.1:8056","0.0","Potential SYN Flood / Scan","Potential SYN Flood / Scan","0.9","3","162","0.02502806282043457","1771338493.4654248","127.0.0.1:8056 -> 127.0.0.1:8056","1771338493.4654248","Unknown","1771338494306","1"
"127.0.0.1:8056 -> 127.0.0.1:8056","0.0","Potential SYN Flood / Scan","Potential SYN Flood / Scan","0.9","3","162","0.02502806282043457","1771338493.4654248","127.0.0.1:8056 -> 127.0.0.1:8056","1771338493.4654248","Unknown","1771338494506","-1"
"127.0.0.1:8056 -> 127.0.0.1:8056","0.0","Potential SYN Flood / Scan","Potential SYN Flood / Scan","0.9","4","216","0.025041891098022462","1771338493.4654386","127.0.0.1:8056 -> 127.0.0.1:8056","1771338493.4654386","Unknown","1771338494506","1"
"127.0.0.1:8056 -> 127.0.0.1:8056","0.0","Potential SYN Flood / Scan","Potential SYN Flood / Scan","0.9","4","216","0.025041891098022462","1771338493.4654386","127.0.0.1:8056 -> 127.0.0.1:8056","1771338493.4654386","Unknown","1771338494706","-1"
"127.0.0.1:8056 -> 127.0.0.1:8056","0.0","Potential SYN Flood / Scan","Potential SYN Flood / Scan","0.9","5","270","0.04914243316650391","1771338493.4895391","127.0.0.1:8056 -> 127.0.0.1:8056","1771338493.4895391","Unknown","1771338494706","1"
"127.0.0.1:8056 -> 127.0.0.1:8056","0.0","Potential SYN Flood / Scan","Potential SYN Flood / Scan","0.9","5","270","0.04914243316650391","1771338493.4895391","127.0.0.1:8056 -> 127.0.0.1:8056","1771338493.4895391","Unknown","1771338494906","-1"
"127.0.0.1:8056 -> 127.0.0.1:8056","1.0","Potential SYN Flood / Scan","Potential SYN Flood / Scan","0.9","6","324","0.049156023025512696","1771338493.4895527","127.0.0.1:8056 -> 127.0.0.1:8056","1771338493.4895527","Unknown","1771338494906","1"
"127.0.0.1:8056 -> 127.0.0.1:8056","1.0","Potential SYN Flood / Scan","Potential SYN Flood / Scan","0.9","6","324","0.049156023025512696","1771338493.4895527","127.0.0.1:8056 -> 127.0.0.1:8056","1771338493.4895527","Unknown","1771338495106","-1"
"127.0.0.1:8056 -> 127.0.0.1:8056","1.0","Potential SYN Flood / Scan","Potential SYN Flood / Scan","0.9","7","378","0.07309372520446777","1771338493.5134904","127.0.0.1:8056 -> 127.0.0.1:8056","1771338493.5134904","Unknown","1771338495106","1"
"127.0.0.1:8056 -> 127.0.0.1:8056","1.0","Potential SYN Flood / Scan","Potential SYN Flood / Scan","0.9","7","378","0.07309372520446777","1771338493.5134904","127.0.0.1:8056 -> 127.0.0.1:8056","1771338493.5134904","Unknown","1771338495306","-1"
"127.0.0.1:8056 -> 127.0.0.1:8056","1.0","Potential SYN Flood / Scan","Potential SYN Flood / Scan","0.9","8","432","0.07310683822631836","1771338493.5135036","127.0.0.1:8056 -> 127.0.0.1:8056","1771338493.5135036","Unknown","1771338495306","1"
"127.0.0.1:8056 -> 127.0.0.1:8056","1.0","Potential SYN Flood / Scan","Potential SYN Flood / Scan","0.9","8","432","0.07310683822631836","1771338493.5135036","127.0.0.1:8056 -> 127.0.0.1:8056","1771338493.5135036","Unknown","1771338495506","-1"
"127.0.0.1:8056 -> 127.0.0.1:8056","1.0","Potential SYN Flood / Scan","Potential SYN Flood / Scan","0.9","9","486","0.1020580062866211","1771338493.5424547","127.0.0.1:8056 -> 127.0.0.1:8056","1771338493.5424547","Unknown","1771338495506","1"
"127.0.0.1:8056 -> 127.0.0.1:8056","1.0","Potential SYN Flood / Scan","Potential SYN Flood / Scan","0.9","9","486","0.1020580062866211","1771338493.5424547","127.0.0.1:8056 -> 127.0.0.1:8056","1771338493.5424547","Unknown","1771338495706","-1"
"127.0.0.1:8056 -> 127.0.0.1:8056","1.0","Potential SYN Flood / Scan","Potential SYN Flood / Scan","0.9","10","540","0.10207040405273438","1771338493.542467","127.0.0.1:8056 -> 127.0.0.1:8056","1771338493.542467","Unknown","1771338495706","1"
"127.0.0.1:8056 -> 127.0.0.1:8056","1.0","Potential SYN Flood / Scan","Potential SYN Flood / Scan","0.9","10","540","0.10207040405273438","1771338493.542467","127.0.0.1:8056 -> 127.0.0.1:8056","1771338493.542467","Unknown","1771338495906","-1"
"127.0.0.1:8056 -> 127.0.0.1:8056","1.0","Potential SYN Flood / Scan; Potential SYN Flood / Scan","Potential SYN Flood / Scan; Potential SYN Flood / Scan","0.9","11","594","0.12611467933654785","1771338493.5665114","127.0.0.1:8056 -> 127.0.0.1:8056","1771338493.5665114","Unknown","1771338495906","1"
"127.0.0.1:8056 -> 127.0.0.1:8056","1.0","Potential SYN Flood / Scan; Potential SYN Flood / Scan","Potential SYN Flood / Scan; Potential SYN Flood / Scan","0.9","11","594","0.12611467933654785","1771338493.5665114","127.0.0.1:8056 -> 127.0.0.1:8056","1771338493.5665114","Unknown","1771338496106","-1"
"127.0.0.1:8056 -> 127.0.0.1:8056","1.0","Potential SYN Flood / Scan; Potential SYN Flood / Scan","Potential SYN Flood / Scan; Potential SYN Flood / Scan","0.9","12","648","0.12612946128845215","1771338493.5665262","127.0.0.1:8056 -> 127.0.0.1:8056","1771338493.5665262","Unknown","1771338496106","1"
"127.0.0.1:8056 -> 127.0.0.1:8056","1.0","Potential SYN Flood / Scan; Potential SYN Flood / Scan","Potential SYN Flood / Scan; Potential SYN Flood / Scan","0.9","12","648","0.12612946128845215","1771338493.5665262","127.0.0.1:8056 -> 127.0.0.1:8056","1771338493.5665262","Unknown","1771338496306","-1"
"127.0.0.1:8056 -> 127.0.0.1:8056","1.0","Potential SYN Flood / Scan; Potential SYN Flood / Scan","Potential SYN Flood / Scan; Potential SYN Flood / Scan","0.9","13","702","0.15026958084106445","1771338493.5906663","127.0.0.1:8056 -> 127.0.0.1:8056","1771338493.5906663","Unknown","1771338496306","1"
"127.0.0.1:8056 -> 127.0.0.1:8056","1.0","Potential SYN Flood / Scan; Potential SYN Flood / Scan","Potential SYN Flood / Scan; Potential SYN Flood / Scan","0.9","13","702","0.15026958084106445","1771338493.5906663","127.0.0.1:8056 -> 127.0.0.1:8056","1771338493.5906663","Unknown","1771338496506","-1"
"127.0.0.1:8056 -> 127.0.0.1:8056","1.0","Potential SYN Flood / Scan; Potential SYN Flood / Scan","Potential SYN Flood / Scan; Potential SYN Flood / Scan","0.9","14","756","0.15028197860717774","1771338493.5906787","127.0.0.1:8056 -> 127.0.0.1:8056","1771338493.5906787","Unknown","1771338496506","1"
"127.0.0.1:8056 -> 127.0.0.1:8056","1.0","Potential SYN Flood / Scan; Potential SYN Flood / Scan","Potential SYN Flood / Scan; Potential SYN Flood / Scan","0.9","14","756","0.15028197860717774","1771338493.5906787","127.0.0.1:8056 -> 127.0.0.1:8056","1771338493.5906787","Unknown","1771338496706","-1"
"127.0.0.1:44444 -> 127.0.0.1:8056","0.0","Potential SYN Flood / Scan","Potential SYN Flood / Scan","0.9","1","54","0.001","1771338493.6083732","127.0.0.1:44444 -> 127.0.0.1:8056","1771338493.6083732","Unknown","1771338496706","1"
"127.0.0.1:8056 -> 127.0.0.1:8056","1.0","Potential SYN Flood / Scan; Potential SYN Flood / Scan","Potential SYN Flood / Scan; Potential SYN Flood / Scan","0.9","15","810","0.1679764518737793","1771338493.6083732","127.0.0.1:8056 -> 127.0.0.1:8056","1771338493.6083732","Unknown","1771338496706","1"
"127.0.0.1:44444 -> 127.0.0.1:8056","0.0","Potential SYN Flood / Scan","Potential SYN Flood / Scan","0.9","1","54","0.001","1771338493.6083732","127.0.0.1:44444 -> 127.0.0.1:8056","1771338493.6083732","Unknown","1771338496906","-1"
"127.0.0.1:8056 -> 127.0.0.1:8056","1.0","Potential SYN Flood / Scan; Potential SYN Flood / Scan","Potential SYN Flood / Scan; Potential SYN Flood / Scan","0.9","15","810","0.1679764518737793","1771338493.6083732","127.0.0.1:8056 -> 127.0.0.1:8056","1771338493.6083732","Unknown","1771338496906","-1"
"127.0.0.1:8056 -> 127.0.0.1:8056","1.0","Potential SYN Flood / Scan; Potential SYN Flood / Scan","Potential SYN Flood / Scan; Potential SYN Flood / Scan","0.9","16","864","0.16798789596557617","1771338493.6083846","127.0.0.1:8056 -> 127.0.0.1:8056","1771338493.6083846","Unknown","1771338496906","1"
"127.0.0.1:8056 -> 127.0.0.1:8056","1.0","Potential SYN Flood / Scan; Potential SYN Flood / Scan","Potential SYN Flood / Scan; Potential SYN Flood / Scan","0.9","16","864","0.16798789596557617","1771338493.6083846","127.0.0.1:8056 -> 127.0.0.1:8056","1771338493.6083846","Unknown","1771338497106","-1"
"127.0.0.1:8056 -> 127.0.0.1:8056","1.0","Potential SYN Flood / Scan; Potential SYN Flood / Scan","Potential SYN Flood / Scan; Potential SYN Flood / Scan","0.9","17","918","0.1839843521118164","1771338493.624381","127.0.0.1:8056 -> 127.0.0.1:8056","1771338493.624381","Unknown","1771338497106","1"
"127.0.0.1:8056 -> 127.0.0.1:8056","1.0","Potential SYN Flood / Scan; Potential SYN Flood / Scan","Potential SYN Flood / Scan; Potential SYN Flood / Scan","0.9","17","918","0.1839843521118164","1771338493.624381","127.0.0.1:8056 -> 127.0.0.1:8056","1771338493.624381","Unknown","1771338497306","-1"
"127.0.0.1:8056 -> 127.0.0.1:8056","1.0","Potential SYN Flood / Scan; Potential SYN Flood / Scan","Potential SYN Flood / Scan; Potential SYN Flood / Scan","0.9","18","972","0.1839993724822998","1771338493.624396","127.0.0.1:8056 -> 127.0.0.1:8056","1771338493.624396","Unknown","1771338497306","1"
"127.0.0.1:8056 -> 127.0.0.1:8056","1.0","Potential SYN Flood / Scan; Potential SYN Flood / Scan","Potential SYN Flood / Scan; Potential SYN Flood / Scan","0.9","18","972","0.1839993724822998","1771338493.624396","127.0.0.1:8056 -> 127.0.0.1:8056","1771338493.624396","Unknown","1771338497506","-1"
"127.0.0.1:8056 -> 127.0.0.1:8056","1.0","Potential SYN Flood / Scan; Potential SYN Flood / Scan","Potential SYN Flood / Scan; Potential SYN Flood / Scan","0.9","19","1026","0.2080021629333496","1771338493.6483989","127.0.0.1:8056 -> 127.0.0.1:8056","1771338493.6483989","Unknown","1771338497506","1"
"127.0.0.1:8056 -> 127.0.0.1:8056","1.0","Potential SYN Flood / Scan; Potential SYN Flood / Scan","Potential SYN Flood / Scan; Potential SYN Flood / Scan","0.9","19","1026","0.2080021629333496","1771338493.6483989","127.0.0.1:8056 -> 127.0.0.1:8056","1771338493.6483989","Unknown","1771338497756","-1"
"127.0.0.1:8056 -> 127.0.0.1:8056","1.0","Potential SYN Flood / Scan; Potential SYN Flood / Scan","Potential SYN Flood / Scan; Potential SYN Flood / Scan","0.9","20","1080","0.2080143222808838","1771338493.648411","127.0.0.1:8056 -> 127.0.0.1:8056","1771338493.648411","Unknown","1771338497756","1"
"127.0.0.1:8056 -> 127.0.0.1:8056","1.0","Potential SYN Flood / Scan; Potential SYN Flood / Scan","Potential SYN Flood / Scan; Potential SYN Flood / Scan","0.9","20","1080","0.2080143222808838","1771338493.648411","127.0.0.1:8056 -> 127.0.0.1:8056","1771338493.648411","Unknown","1771338497956","-1"
"127.0.0.1:8056 -> 127.0.0.1:8056","1.0","Potential SYN Flood / Scan; Potential SYN Flood / Scan","Potential SYN Flood / Scan; Potential SYN Flood / Scan","0.9","21","1134","0.2330117950439453","1771338493.6734085","127.0.0.1:8056 -> 127.0.0.1:8056","1771338493.6734085","Unknown","1771338497956","1"
"127.0.0.1:8056 -> 127.0.0.1:8056","1.0","Potential SYN Flood / Scan; Potential SYN Flood / Scan","Potential SYN Flood / Scan; Potential SYN Flood / Scan","0.9","21","1134","0.2330117950439453","1771338493.6734085","127.0.0.1:8056 -> 127.0.0.1:8056","1771338493.6734085","Unknown","1771338498156","-1"
"127.0.0.1:8056 -> 127.0.0.1:8056","1.0","Potential SYN Flood / Scan; Potential SYN Flood / Scan","Potential SYN Flood / Scan; Potential SYN Flood / Scan","0.9","22","1188","0.23301894760131836","1771338493.6734157","127.0.0.1:8056 -> 127.0.0.1:8056","1771338493.6734157","Unknown","1771338498156","1"
"127.0.0.1:8056 -> 127.0.0.1:8056","1.0","Potential SYN Flood / Scan; Potential SYN Flood / Scan","Potential SYN Flood / Scan; Potential SYN Flood / Scan","0.9","22","1188","0.23301894760131836","1771338493.6734157","127.0.0.1:8056 -> 127.0.0.1:8056","1771338493.6734157","Unknown","1771338498356","-1"
"127.0.0.1:8056 -> 127.0.0.1:8056","1.0","Potential SYN Flood / Scan; Potential SYN Flood / Scan","Potential SYN Flood / Scan; Potential SYN Flood / Scan","0.9","23","1242","0.2540517578125","1771338493.6944485","127.0.0.1:8056 -> 127.0.0.1:8056","1771338493.6944485","Unknown","1771338498356","1"
"127.0.0.1:8056 -> 127.0.0.1:8056","1.0","Potential SYN Flood / Scan; Potential SYN Flood / Scan","Potential SYN Flood / Scan; Potential SYN Flood / Scan","0.9","23","1242","0.2540517578125","1771338493.6944485","127.0.0.1:8056 -> 127.0.0.1:8056","1771338493.6944485","Unknown","1771338498556","-1"
"127.0.0.1:8056 -> 127.0.0.1:8056","1.0","Potential SYN Flood / Scan; Potential SYN Flood / Scan","Potential SYN Flood / Scan; Potential SYN Flood / Scan","0.9","24","1296","0.2540663013458252","1771338493.694463","127.0.0.1:8056 -> 127.0.0.1:8056","1771338493.694463","Unknown","1771338498556","1"
"127.0.0.1:8056 -> 127.0.0.1:8056","1.0","Potential SYN Flood / Scan; Potential SYN Flood / Scan","Potential SYN Flood / Scan; Potential SYN Flood / Scan","0.9","24","1296","0.2540663013458252","1771338493.694463","127.0.0.1:8056 -> 127.0.0.1:8056","1771338493.694463","Unknown","1771338498756","-1"
"127.0.0.1:8056 -> 127.0.0.1:8056","1.0","Potential SYN Flood / Scan; Potential SYN Flood / Scan","Potential SYN Flood / Scan; Potential SYN Flood / Scan","0.9","25","1350","0.2700255641937256","1771338493.7104223","127.0.0.1:8056 -> 127.0.0.1:8056","1771338493.7104223","Unknown","1771338498756","1"
"127.0.0.1:8056 -> 127.0.0.1:8056","1.0","Potential SYN Flood / Scan; Potential SYN Flood / Scan","Potential SYN Flood / Scan; Potential SYN Flood / Scan","0.9","25","1350","0.2700255641937256","1771338493.7104223","127.0.0.1:8056 -> 127.0.0.1:8056","1771338493.7104223","Unknown","1771338498956","-1"
"127.0.0.1:8056 -> 127.0.0.1:8056","1.0","Potential SYN Flood / Scan; Potential SYN Flood / Scan","Potential SYN Flood / Scan; Potential SYN Flood / Scan","0.9","26","1404","0.27003796195983887","1771338493.7104347","127.0.0.1:8056 -> 127.0.0.1:8056","1771338493.7104347","Unknown","1771338498956","1"
"127.0.0.1:8056 -> 127.0.0.1:8056","1.0","Potential SYN Flood / Scan; Potential SYN Flood / Scan","Potential SYN Flood / Scan; Potential SYN Flood / Scan","0.9","26","1404","0.27003796195983887","1771338493.7104347","127.0.0.1:8056 -> 127.0.0.1:8056","1771338493.7104347","Unknown","1771338499156","-1"
"127.0.0.1:8056 -> 127.0.0.1:8056","1.0","Potential SYN Flood / Scan; Potential SYN Flood / Scan","Potential SYN Flood / Scan; Potential SYN Flood / Scan","0.9","27","1458","0.30096275901794434","1771338493.7413595","127.0.0.1:8056 -> 127.0.0.1:8056","1771338493.7413595","Unknown","1771338499156","1"
"127.0.0.1:8056 -> 127.0.0.1:8056","1.0","Potential SYN Flood / Scan; Potential SYN Flood / Scan","Potential SYN Flood / Scan; Potential SYN Flood / Scan","0.9","27","1458","0.30096275901794434","1771338493.7413595","127.0.0.1:8056 -> 127.0.0.1:8056","1771338493.7413595","Unknown","1771338499356","-1"
"127.0.0.1:8056 -> 127.0.0.1:8056","1.0","Potential SYN Flood / Scan; Potential SYN Flood / Scan","Potential SYN Flood / Scan; Potential SYN Flood / Scan","0.9","28","1512","0.3009734878540039","1771338493.7413702","127.0.0.1:8056 -> 127.0.0.1:8056","1771338493.7413702","Unknown","1771338499356","1"
"127.0.0.1:8056 -> 127.0.0.1:8056","1.0","Potential SYN Flood / Scan; Potential SYN Flood / Scan","Potential SYN Flood / Scan; Potential SYN Flood / Scan","0.9","28","1512","0.3009734878540039","1771338493.7413702","127.0.0.1:8056 -> 127.0.0.1:8056","1771338493.7413702","Unknown","1771338499556","-1"
"127.0.0.1:8056 -> 127.0.0.1:8056","1.0","Potential SYN Flood / Scan; Potential SYN Flood / Scan","Potential SYN Flood / Scan; Potential SYN Flood / Scan","0.9","29","1566","0.3250690231323242","1771338493.7654657","127.0.0.1:8056 -> 127.0.0.1:8056","1771338493.7654657","Unknown","1771338499556","1"
"127.0.0.1:8056 -> 127.0.0.1:8056","1.0","Potential SYN Flood / Scan; Potential SYN Flood / Scan","Potential SYN Flood / Scan; Potential SYN Flood / Scan","0.9","29","1566","0.3250690231323242","1771338493.7654657","127.0.0.1:8056 -> 127.0.0.1:8056","1771338493.7654657","Unknown","1771338499756","-1"
"127.0.0.1:8056 -> 127.0.0.1:8056","1.0","Potential SYN Flood / Scan; Potential SYN Flood / Scan","Potential SYN Flood / Scan; Potential SYN Flood / Scan","0.9","30","1620","0.3250833282470703","1771338493.76548","127.0.0.1:8056 -> 127.0.0.1:8056","1771338493.76548","Unknown","1771338499756","1"
"127.0.0.1:8056 -> 127.0.0.1:8056","1.0","Potential SYN Flood / Scan; Potential SYN Flood / Scan","Potential SYN Flood / Scan; Potential SYN Flood / Scan","0.9","30","1620","0.3250833282470703","1771338493.76548","127.0.0.1:8056 -> 127.0.0.1:8056","1771338493.76548","Unknown","1771338499956","-1"
"127.0.0.1:8056 -> 127.0.0.1:8056","1.0","Potential SYN Flood / Scan; Potential SYN Flood / Scan","Potential SYN Flood / Scan; Potential SYN Flood / Scan","0.9","31","1674","0.3449762592315674","1771338493.785373","127.0.0.1:8056 -> 127.0.0.1:8056","1771338493.785373","Unknown","1771338499956","1"
"127.0.0.1:8056 -> 127.0.0.1:8056","1.0","Potential SYN Flood / Scan; Potential SYN Flood / Scan","Potential SYN Flood / Scan; Potential SYN Flood / Scan","0.9","31","1674","0.3449762592315674","1771338493.785373","127.0.0.1:8056 -> 127.0.0.1:8056","1771338493.785373","Unknown","1771338500156","-1"
"127.0.0.1:8056 -> 127.0.0.1:8056","1.0","Potential SYN Flood / Scan; Potential SYN Flood / Scan","Potential SYN Flood / Scan; Potential SYN Flood / Scan","0.9","32","1728","0.34498484230041504","1771338493.7853816","127.0.0.1:8056 -> 127.0.0.1:8056","1771338493.7853816","Unknown","1771338500156","1"
"127.0.0.1:8056 -> 127.0.0.1:8056","1.0","Potential SYN Flood / Scan; Potential SYN Flood / Scan","Potential SYN Flood / Scan; Potential SYN Flood / Scan","0.9","32","1728","0.34498484230041504","1771338493.7853816","127.0.0.1:8056 -> 127.0.0.1:8056","1771338493.7853816","Unknown","1771338500356","-1"
"127.0.0.1:44444 -> 127.0.0.1:8056","0.0","Potential SYN Flood / Scan","Potential SYN Flood / Scan","0.9","1","54","0.001","1771338493.8124254","127.0.0.1:44444 -> 127.0.0.1:8056","1771338493.8124254","Unknown","1771338500356","1"
"127.0.0.1:8056 -> 127.0.0.1:8056","1.0","Potential SYN Flood / Scan; Potential SYN Flood / Scan","Potential SYN Flood / Scan; Potential SYN Flood / Scan","0.9","33","1782","0.3720286617279053","1771338493.8124254","127.0.0.1:8056 -> 127.0.0.1:8056","1771338493.8124254","Unknown","1771338500356","1"
"127.0.0.1:44444 -> 127.0.0.1:8056","0.0","Potential SYN Flood / Scan","Potential SYN Flood / Scan","0.9","1","54","0.001","1771338493.8124254","127.0.0.1:44444 -> 127.0.0.1:8056","1771338493.8124254","Unknown","1771338500556","-1"
"127.0.0.1:8056 -> 127.0.0.1:8056","1.0","Potential SYN Flood / Scan; Potential SYN Flood / Scan","Potential SYN Flood / Scan; Potential SYN Flood / Scan","0.9","33","1782","0.3720286617279053","1771338493.8124254","127.0.0.1:8056 -> 127.0.0.1:8056","1771338493.8124254","Unknown","1771338500556","-1"
"127.0.0.1:8056 -> 127.0.0.1:8056","1.0","Potential SYN Flood / Scan; Potential SYN Flood / Scan","Potential SYN Flood / Scan; Potential SYN Flood / Scan","0.9","34","1836","0.37204082107543945","1771338493.8124375","127.0.0.1:8056 -> 127.0.0.1:8056","1771338493.8124375","Unknown","1771338500556","1"
"127.0.0.1:8056 -> 127.0.0.1:8056","1.0","Potential SYN Flood / Scan; Potential SYN Flood / Scan","Potential SYN Flood / Scan; Potential SYN Flood / Scan","0.9","34","1836","0.37204082107543945","1771338493.8124375","127.0.0.1:8056 -> 127.0.0.1:8056","1771338493.8124375","Unknown","1771338500756","-1"
"127.0.0.1:8056 -> 127.0.0.1:8056","1.0","Potential SYN Flood / Scan; Potential SYN Flood / Scan","Potential SYN Flood / Scan; Potential SYN Flood / Scan","0.9","35","1890","0.3919292221069336","1771338493.832326","127.0.0.1:8056 -> 127.0.0.1:8056","1771338493.832326","Unknown","1771338500756","1"
"127.0.0.1:8056 -> 127.0.0.1:8056","1.0","Potential SYN Flood / Scan; Potential SYN Flood / Scan","Potential SYN Flood / Scan; Potential SYN Flood / Scan","0.9","35","1890","0.3919292221069336","1771338493.832326","127.0.0.1:8056 -> 127.0.0.1:8056","1771338493.832326","Unknown","1771338500956","-1"
"127.0.0.1:8056 -> 127.0.0.1:8056","1.0","Potential SYN Flood / Scan; Potential SYN Flood / Scan","Potential SYN Flood / Scan; Potential SYN Flood / Scan","0.9","36","1944","0.39193565940856934","1771338493.8323324","127.0.0.1:8056 -> 127.0.0.1:8056","1771338493.8323324","Unknown","1771338500956","1"
"127.0.0.1:8056 -> 127.0.0.1:8056","1.0","Potential SYN Flood / Scan; Potential SYN Flood / Scan","Potential SYN Flood / Scan; Potential SYN Flood / Scan","0.9","36","1944","0.39193565940856934","1771338493.8323324","127.0.0.1:8056 -> 127.0.0.1:8056","1771338493.8323324","Unknown","1771338501156","-1"
"127.0.0.1:8056 -> 127.0.0.1:8056","1.0","Potential SYN Flood / Scan; Potential SYN Flood / Scan","Potential SYN Flood / Scan; Potential SYN Flood / Scan","0.9","37","1998","0.41296751594543457","1771338493.8533642","127.0.0.1:8056 -> 127.0.0.1:8056","1771338493.8533642","Unknown","1771338501156","1"
"127.0.0.1:8056 -> 127.0.0.1:8056","1.0","Potential SYN Flood / Scan; Potential SYN Flood / Scan","Potential SYN Flood / Scan; Potential SYN Flood / Scan","0.9","37","1998","0.41296751594543457","1771338493.8533642","127.0.0.1:8056 -> 127.0.0.1:8056","1771338493.8533642","Unknown","1771338501356","-1"
"127.0.0.1:8056 -> 127.0.0.1:8056","1.0","Potential SYN Flood / Scan; Potential SYN Flood / Scan","Potential SYN Flood / Scan; Potential SYN Flood / Scan","0.9","38","2052","0.4129751453399658","1771338493.8533719","127.0.0.1:8056 -> 127.0.0.1:8056","1771338493.8533719","Unknown","1771338501356","1"
"127.0.0.1:8056 -> 127.0.0.1:8056","1.0","Potential SYN Flood / Scan; Potential SYN Flood / Scan","Potential SYN Flood / Scan; Potential SYN Flood / Scan","0.9","38","2052","0.4129751453399658","1771338493.8533719","127.0.0.1:8056 -> 127.0.0.1:8056","1771338493.8533719","Unknown","1771338501556","-1"
"127.0.0.1:8056 -> 127.0.0.1:8056","1.0","Potential SYN Flood / Scan; Potential SYN Flood / Scan","Potential SYN Flood / Scan; Potential SYN Flood / Scan","0.9","39","2613","0.4302945861816406","1771338493.8706913","127.0.0.1:8056 -> 127.0.0.1:8056","1771338493.8706913","Unknown","1771338501556","1"
"127.0.0.1:8056 -> 127.0.0.1:8056","1.0","Potential SYN Flood / Scan; Potential SYN Flood / Scan","Potential SYN Flood / Scan; Potential SYN Flood / Scan","0.9","39","2613","0.4302945861816406","1771338493.8706913","127.0.0.1:8056 -> 127.0.0.1:8056","1771338493.8706913","Unknown","1771338501756","-1"
"127.0.0.1:8056 -> 127.0.0.1:8056","1.0","Potential SYN Flood / Scan; Potential SYN Flood / Scan","Potential SYN Flood / Scan; Potential SYN Flood / Scan","0.9","40","2710","0.4304543266296387","1771338493.870851","127.0.0.1:8056 -> 127.0.0.1:8056","1771338493.870851","Unknown","1771338501756","1"
"127.0.0.1:8056 -> 127.0.0.1:8056","1.0","Potential SYN Flood / Scan; Potential SYN Flood / Scan","Potential SYN Flood / Scan; Potential SYN Flood / Scan","0.9","40","2710","0.4304543266296387","1771338493.870851","127.0.0.1:8056 -> 127.0.0.1:8056","1771338493.870851","Unknown","1771338501956","-1"
"127.0.0.1:8056 -> 127.0.0.1:8056","1.0","Potential SYN Flood / Scan; Potential SYN Flood / Scan","Potential SYN Flood / Scan; Potential SYN Flood / Scan","0.9","41","2776","0.43049700355529785","1771338493.8708937","127.0.0.1:8056 -> 127.0.0.1:8056","1771338493.8708937","Unknown","1771338501956","1"
"127.0.0.1:8056 -> 127.0.0.1:8056","1.0","Potential SYN Flood / Scan; Potential SYN Flood / Scan","Potential SYN Flood / Scan; Potential SYN Flood / Scan","0.9","41","2776","0.43049700355529785","1771338493.8708937","127.0.0.1:8056 -> 127.0.0.1:8056","1771338493.8708937","Unknown","1771338502156","-1"
"127.0.0.1:8056 -> 127.0.0.1:8056","1.0","Potential SYN Flood / Scan; Potential SYN Flood / Scan","Potential SYN Flood / Scan; Potential SYN Flood / Scan","0.9","42","2903","0.4308419952392578","1771338493.8712387","127.0.0.1:8056 -> 127.0.0.1:8056","1771338493.8712387","Unknown","1771338502156","1"
"127.0.0.1:8056 -> 127.0.0.1:8056","1.0","Potential SYN Flood / Scan; Potential SYN Flood / Scan","Potential SYN Flood / Scan; Potential SYN Flood / Scan","0.9","42","2903","0.4308419952392578","1771338493.8712387","127.0.0.1:8056 -> 127.0.0.1:8056","1771338493.8712387","Unknown","1771338502356","-1"
"127.0.0.1:8056 -> 127.0.0.1:8056","1.0","Potential SYN Flood / Scan; Potential SYN Flood / Scan","Potential SYN Flood / Scan; Potential SYN Flood / Scan","0.9","43","2969","0.43084914779663086","1771338493.8712459","127.0.0.1:8056 -> 127.0.0.1:8056","1771338493.8712459","Unknown","1771338502356","1"
"127.0.0.1:8056 -> 127.0.0.1:8056","1.0","Potential SYN Flood / Scan; Potential SYN Flood / Scan","Potential SYN Flood / Scan; Potential SYN Flood / Scan","0.9","43","2969","0.43084914779663086","1771338493.8712459","127.0.0.1:8056 -> 127.0.0.1:8056","1771338493.8712459","Unknown","1771338502556","-1"
"127.0.0.1:8056 -> 127.0.0.1:8056","1.0","Potential SYN Flood / Scan; Potential SYN Flood / Scan","Potential SYN Flood / Scan; Potential SYN Flood / Scan","0.9","44","3105","0.4308744201660156","1771338493.8712711","127.0.0.1:8056 -> 127.0.0.1:8056","1771338493.8712711","Unknown","1771338502556","1"
"127.0.0.1:8056 -> 127.0.0.1:8056","1.0","Potential SYN Flood / Scan; Potential SYN Flood / Scan","Potential SYN Flood / Scan; Potential SYN Flood / Scan","0.9","44","3105","0.4308744201660156","1771338493.8712711","127.0.0.1:8056 -> 127.0.0.1:8056","1771338493.8712711","Unknown","1771338502756","-1"
"127.0.0.1:8056 -> 127.0.0.1:8056","1.0","Potential SYN Flood / Scan; Potential SYN Flood / Scan","Potential SYN Flood / Scan; Potential SYN Flood / Scan","0.9","45","3171","0.4308851490020752","1771338493.8712819","127.0.0.1:8056 -> 127.0.0.1:8056","1771338493.8712819","Unknown","1771338502756","1"
"127.0.0.1:8056 -> 127.0.0.1:8056","1.0","Potential SYN Flood / Scan; Potential SYN Flood / Scan","Potential SYN Flood / Scan; Potential SYN Flood / Scan","0.9","45","3171","0.4308851490020752","1771338493.8712819","127.0.0.1:8056 -> 127.0.0.1:8056","1771338493.8712819","Unknown","1771338502956","-1"
"127.0.0.1:8056 -> 127.0.0.1:8056","1.0","Potential SYN Flood / Scan; Potential SYN Flood / Scan","Potential SYN Flood / Scan; Potential SYN Flood / Scan","0.9","46","3225","0.43902380561828613","1771338493.8794205","127.0.0.1:8056 -> 127.0.0.1:8056","1771338493.8794205","Unknown","1771338502956","1"
"127.0.0.1:8056 -> 127.0.0.1:8056","1.0","Potential SYN Flood / Scan; Potential SYN Flood / Scan","Potential SYN Flood / Scan; Potential SYN Flood / Scan","0.9","46","3225","0.43902380561828613","1771338493.8794205","127.0.0.1:8056 -> 127.0.0.1:8056","1771338493.8794205","Unknown","1771338503156","-1"
"127.0.0.1:8056 -> 127.0.0.1:8056","1.0","Potential SYN Flood / Scan; Potential SYN Flood / Scan","Potential SYN Flood / Scan; Potential SYN Flood / Scan","0.9","47","3279","0.4390335807800293","1771338493.8794303","127.0.0.1:8056 -> 127.0.0.1:8056","1771338493.8794303","Unknown","1771338503156","1"
"127.0.0.1:8056 -> 127.0.0.1:8056","1.0","Potential SYN Flood / Scan; Potential SYN Flood / Scan","Potential SYN Flood / Scan; Potential SYN Flood / Scan","0.9","47","3279","0.4390335807800293","1771338493.8794303","127.0.0.1:8056 -> 127.0.0.1:8056","1771338493.8794303","Unknown","1771338503356","-1"
"127.0.0.1:8056 -> 127.0.0.1:8056","1.0","Potential SYN Flood / Scan; Potential SYN Flood / Scan","Potential SYN Flood / Scan; Potential SYN Flood / Scan","0.9","48","3333","0.46901114082336426","1771338493.9094079","127.0.0.1:8056 -> 127.0.0.1:8056","1771338493.9094079","Unknown","1771338503356","1"
"127.0.0.1:8056 -> 127.0.0.1:8056","1.0","Potential SYN Flood / Scan; Potential SYN Flood / Scan","Potential SYN Flood / Scan; Potential SYN Flood / Scan","0.9","48","3333","0.46901114082336426","1771338493.9094079","127.0.0.1:8056 -> 127.0.0.1:8056","1771338493.9094079","Unknown","1771338503556","-1"
"127.0.0.1:8056 -> 127.0.0.1:8056","1.0","Potential SYN Flood / Scan; Potential SYN Flood / Scan","Potential SYN Flood / Scan; Potential SYN Flood / Scan","0.9","49","3387","0.46902234649658203","1771338493.909419","127.0.0.1:8056 -> 127.0.0.1:8056","1771338493.909419","Unknown","1771338503556","1"
"127.0.0.1:8056 -> 127.0.0.1:8056","1.0","Potential SYN Flood / Scan; Potential SYN Flood / Scan","Potential SYN Flood / Scan; Potential SYN Flood / Scan","0.9","49","3387","0.46902234649658203","1771338493.909419","127.0.0.1:8056 -> 127.0.0.1:8056","1771338493.909419","Unknown","1771338503756","-1"
"127.0.0.1:8056 -> 127.0.0.1:8056","1.0","Potential SYN Flood / Scan; Potential SYN Flood / Scan","Potential SYN Flood / Scan; Potential SYN Flood / Scan","0.9","50","3441","0.49699123001098633","1771338493.937388","127.0.0.1:8056 -> 127.0.0.1:8056","1771338493.937388","Unknown","1771338503756","1"
"127.0.0.1:8056 -> 127.0.0.1:8056","1.0","Potential SYN Flood / Scan; Potential SYN Flood / Scan","Potential SYN Flood / Scan; Potential SYN Flood / Scan","0.9","50","3441","0.49699123001098633","1771338493.937388","127.0.0.1:8056 -> 127.0.0.1:8056","1771338493.937388","Unknown","1771338503956","-1"
"127.0.0.1:8056 -> 127.0.0.1:8056","1.0","Potential SYN Flood / Scan; Potential SYN Flood / Scan","Potential SYN Flood / Scan; Potential SYN Flood / Scan","0.9","51","3495","0.496999813079834","1771338493.9373965","127.0.0.1:8056 -> 127.0.0.1:8056","1771338493.9373965","Unknown","1771338503956","1"
"127.0.0.1:8056 -> 127.0.0.1:8056","1.0","Potential SYN Flood / Scan; Potential SYN Flood / Scan","Potential SYN Flood / Scan; Potential SYN Flood / Scan","0.9","51","3495","0.496999813079834","1771338493.9373965","127.0.0.1:8056 -> 127.0.0.1:8056","1771338493.9373965","Unknown","1771338504156","-1"
"127.0.0.1:8056 -> 127.0.0.1:8056","1.0","Potential SYN Flood / Scan; Potential SYN Flood / Scan","Potential SYN Flood / Scan; Potential SYN Flood / Scan","0.9","52","3549","0.514052225112915","1771338493.954449","127.0.0.1:8056 -> 127.0.0.1:8056","1771338493.954449","Unknown","1771338504156","1"
"127.0.0.1:8056 -> 127.0.0.1:8056","1.0","Potential SYN Flood / Scan; Potential SYN Flood / Scan","Potential SYN Flood / Scan; Potential SYN Flood / Scan","0.9","52","3549","0.514052225112915","1771338493.954449","127.0.0.1:8056 -> 127.0.0.1:8056","1771338493.954449","Unknown","1771338504356","-1"
"127.0.0.1:8056 -> 127.0.0.1:8056","1.0","Potential SYN Flood / Scan; Potential SYN Flood / Scan","Potential SYN Flood / Scan; Potential SYN Flood / Scan","0.9","53","3603","0.5140653381347656","1771338493.954462","127.0.0.1:8056 -> 127.0.0.1:8056","1771338493.954462","Unknown","1771338504356","1"
"127.0.0.1:8056 -> 127.0.0.1:8056","1.0","Potential SYN Flood / Scan; Potential SYN Flood / Scan","Potential SYN Flood / Scan; Potential SYN Flood / Scan","0.9","53","3603","0.5140653381347656","1771338493.954462","127.0.0.1:8056 -> 127.0.0.1:8056","1771338493.954462","Unknown","1771338504606","-1"
"127.0.0.1:8056 -> 127.0.0.1:8056","1.0","Potential SYN Flood / Scan; Potential SYN Flood / Scan","Potential SYN Flood / Scan; Potential SYN Flood / Scan","0.9","54","3657","0.5420053730010986","1771338493.982402","127.0.0.1:8056 -> 127.0.0.1:8056","1771338493.982402","Unknown","1771338504606","1"
"127.0.0.1:8056 -> 127.0.0.1:8056","1.0","Potential SYN Flood / Scan; Potential SYN Flood / Scan","Potential SYN Flood / Scan; Potential SYN Flood / Scan","0.9","54","3657","0.5420053730010986","1771338493.982402","127.0.0.1:8056 -> 127.0.0.1:8056","1771338493.982402","Unknown","1771338504806","-1"
"127.0.0.1:8056 -> 127.0.0.1:8056","1.0","Potential SYN Flood / Scan; Potential SYN Flood / Scan","Potential SYN Flood / Scan; Potential SYN Flood / Scan","0.9","55","3711","0.5420199165344238","1771338493.9824166","127.0.0.1:8056 -> 127.0.0.1:8056","1771338493.9824166","Unknown","1771338504806","1"
"127.0.0.1:44444 -> 127.0.0.1:8056","0.0","Potential SYN Flood / Scan","Potential SYN Flood / Scan","0.9","1","54","0.001","1771338494.0026205","127.0.0.1:44444 -> 127.0.0.1:8056","1771338494.0026205","Unknown","1771338505006","1"
"127.0.0.1:8056 -> 127.0.0.1:8056","1.0","Potential SYN Flood / Scan; Potential SYN Flood / Scan","Potential SYN Flood / Scan; Potential SYN Flood / Scan","0.9","56","3765","0.5622237453460693","1771338494.0026205","127.0.0.1:8056 -> 127.0.0.1:8056","1771338494.0026205","Unknown","1771338505006","1"
"127.0.0.1:44444 -> 127.0.0.1:8056","0.0","Potential SYN Flood / Scan","Potential SYN Flood / Scan","0.9","1","54","0.001","1771338494.0026205","127.0.0.1:44444 -> 127.0.0.1:8056","1771338494.0026205","Unknown","1771338505206","-1"
"127.0.0.1:8056 -> 127.0.0.1:8056","1.0","Potential SYN Flood / Scan; Potential SYN Flood / Scan","Potential SYN Flood / Scan; Potential SYN Flood / Scan","0.9","56","3765","0.5622237453460693","1771338494.0026205","127.0.0.1:8056 -> 127.0.0.1:8056","1771338494.0026205","Unknown","1771338505206","-1"
"127.0.0.1:8056 -> 127.0.0.1:8056","1.0","Potential SYN Flood / Scan; Potential SYN Flood / Scan","Potential SYN Flood / Scan; Potential SYN Flood / Scan","0.9","57","3819","0.562237096786499","1771338494.0026338","127.0.0.1:8056 -> 127.0.0.1:8056","1771338494.0026338","Unknown","1771338505206","1"
"127.0.0.1:8056 -> 127.0.0.1:8056","1.0","Potential SYN Flood / Scan; Potential SYN Flood / Scan","Potential SYN Flood / Scan; Potential SYN Flood / Scan","0.9","57","3819","0.562237096786499","1771338494.0026338","127.0.0.1:8056 -> 127.0.0.1:8056","1771338494.0026338","Unknown","1771338505406","-1"
"127.0.0.1:8056 -> 127.0.0.1:8056","1.0","Potential SYN Flood / Scan; Potential SYN Flood / Scan","Potential SYN Flood / Scan; Potential SYN Flood / Scan","0.9","58","3893","0.5707441101074219","1771338494.0111408","127.0.0.1:8056 -> 127.0.0.1:8056","1771338494.0111408","Unknown","1771338505406","1"
"127.0.0.1:8056 -> 127.0.0.1:8056","1.0","Potential SYN Flood / Scan; Potential SYN Flood / Scan","Potential SYN Flood / Scan; Potential SYN Flood / Scan","0.9","58","3893","0.5707441101074219","1771338494.0111408","127.0.0.1:8056 -> 127.0.0.1:8056","1771338494.0111408","Unknown","1771338505606","-1"
"127.0.0.1:8056 -> 127.0.0.1:8056","1.0","Potential SYN Flood / Scan; Potential SYN Flood / Scan","Potential SYN Flood / Scan; Potential SYN Flood / Scan","0.9","59","3967","0.5707574615478516","1771338494.0111542","127.0.0.1:8056 -> 127.0.0.1:8056","1771338494.0111542","Unknown","1771338505606","1"
"127.0.0.1:8056 -> 127.0.0.1:8056","1.0","Potential SYN Flood / Scan; Potential SYN Flood / Scan","Potential SYN Flood / Scan; Potential SYN Flood / Scan","0.9","59","3967","0.5707574615478516","1771338494.0111542","127.0.0.1:8056 -> 127.0.0.1:8056","1771338494.0111542","Unknown","1771338505806","-1"
"127.0.0.1:8056 -> 127.0.0.1:8056","1.0","Potential SYN Flood / Scan; Potential SYN Flood / Scan","Potential SYN Flood / Scan; Potential SYN Flood / Scan","0.9","60","4033","0.5707698593139648","1771338494.0111666","127.0.0.1:8056 -> 127.0.0.1:8056","1771338494.0111666","Unknown","1771338505806","1"
"127.0.0.1:8056 -> 127.0.0.1:8056","1.0","Potential SYN Flood / Scan; Potential SYN Flood / Scan","Potential SYN Flood / Scan; Potential SYN Flood / Scan","0.9","60","4033","0.5707698593139648","1771338494.0111666","127.0.0.1:8056 -> 127.0.0.1:8056","1771338494.0111666","Unknown","1771338506006","-1"
"127.0.0.1:8056 -> 127.0.0.1:8056","1.0","Potential SYN Flood / Scan; Potential SYN Flood / Scan","Potential SYN Flood / Scan; Potential SYN Flood / Scan","0.9","61","4301","0.5708118209838867","1771338494.0112085","127.0.0.1:8056 -> 127.0.0.1:8056","1771338494.0112085","Unknown","1771338506006","1"
"127.0.0.1:8056 -> 127.0.0.1:8056","1.0","Potential SYN Flood / Scan; Potential SYN Flood / Scan","Potential SYN Flood / Scan; Potential SYN Flood / Scan","0.9","61","4301","0.5708118209838867","1771338494.0112085","127.0.0.1:8056 -> 127.0.0.1:8056","1771338494.0112085","Unknown","1771338506206","-1"
"127.0.0.1:8056 -> 127.0.0.1:8056","1.0","Potential SYN Flood / Scan; Potential SYN Flood / Scan","Potential SYN Flood / Scan; Potential SYN Flood / Scan","0.9","62","4367","0.570819450378418","1771338494.0112162","127.0.0.1:8056 -> 127.0.0.1:8056","1771338494.0112162","Unknown","1771338506206","1"
"127.0.0.1:8056 -> 127.0.0.1:8056","1.0","Potential SYN Flood / Scan; Potential SYN Flood / Scan","Potential SYN Flood / Scan; Potential SYN Flood / Scan","0.9","62","4367","0.570819450378418","1771338494.0112162","127.0.0.1:8056 -> 127.0.0.1:8056","1771338494.0112162","Unknown","1771338506406","-1"
"127.0.0.1:8056 -> 127.0.0.1:8056","1.0","Potential SYN Flood / Scan; Potential SYN Flood / Scan","Potential SYN Flood / Scan; Potential SYN Flood / Scan","0.9","63","4855","0.5708370933532715","1771338494.0112338","127.0.0.1:8056 -> 127.0.0.1:8056","1771338494.0112338","Unknown","1771338506406","1"
"127.0.0.1:8056 -> 127.0.0.1:8056","1.0","Potential SYN Flood / Scan; Potential SYN Flood / Scan","Potential SYN Flood / Scan; Potential SYN Flood / Scan","0.9","63","4855","0.5708370933532715","1771338494.0112338","127.0.0.1:8056 -> 127.0.0.1:8056","1771338494.0112338","Unknown","1771338506606","-1"
"127.0.0.1:8056 -> 127.0.0.1:8056","1.0","Potential SYN Flood / Scan; Potential SYN Flood / Scan","Potential SYN Flood / Scan; Potential SYN Flood / Scan","0.9","64","4921","0.5708432922363281","1771338494.01124","127.0.0.1:8056 -> 127.0.0.1:8056","1771338494.01124","Unknown","1771338506606","1"
"127.0.0.1:8056 -> 127.0.0.1:8056","1.0","Potential SYN Flood / Scan; Potential SYN Flood / Scan","Potential SYN Flood / Scan; Potential SYN Flood / Scan","0.9","64","4921","0.5708432922363281","1771338494.01124","127.0.0.1:8056 -> 127.0.0.1:8056","1771338494.01124","Unknown","1771338506806","-1"
"127.0.0.1:8056 -> 127.0.0.1:8056","1.0","Potential SYN Flood / Scan; Potential SYN Flood / Scan","Potential SYN Flood / Scan; Potential SYN Flood / Scan","0.9","65","4975","0.5900364646911621","1771338494.0304332","127.0.0.1:8056 -> 127.0.0.1:8056","1771338494.0304332","Unknown","1771338506806","1"
"127.0.0.1:8056 -> 127.0.0.1:8056","1.0","Potential SYN Flood / Scan; Potential SYN Flood / Scan","Potential SYN Flood / Scan; Potential SYN Flood / Scan","0.9","65","4975","0.5900364646911621","1771338494.0304332","127.0.0.1:8056 -> 127.0.0.1:8056","1771338494.0304332","Unknown","1771338507006","-1"
"127.0.0.1:8056 -> 127.0.0.1:8056","1.0","Potential SYN Flood / Scan; Potential SYN Flood / Scan","Potential SYN Flood / Scan; Potential SYN Flood / Scan","0.9","66","5029","0.5900476703643799","1771338494.0304444","127.0.0.1:8056 -> 127.0.0.1:8056","1771338494.0304444","Unknown","1771338507006","1"
"127.0.0.1:8056 -> 127.0.0.1:8056","1.0","Potential SYN Flood / Scan; Potential SYN Flood / Scan","Potential SYN Flood / Scan; Potential SYN Flood / Scan","0.9","66","5029","0.5900476703643799","1771338494.0304444","127.0.0.1:8056 -> 127.0.0.1:8056","1771338494.0304444","Unknown","1771338507206","-1"
"127.0.0.1:8056 -> 127.0.0.1:8056","1.0","Potential SYN Flood / Scan; Potential SYN Flood / Scan","Potential SYN Flood / Scan; Potential SYN Flood / Scan","0.9","67","5083","0.6130426654815674","1771338494.0534394","127.0.0.1:8056 -> 127.0.0.1:8056","1771338494.0534394","Unknown","1771338507206","1"
"127.0.0.1:8056 -> 127.0.0.1:8056","1.0","Potential SYN Flood / Scan; Potential SYN Flood / Scan","Potential SYN Flood / Scan; Potential SYN Flood / Scan","0.9","67","5083","0.6130426654815674","1771338494.0534394","127.0.0.1:8056 -> 127.0.0.1:8056","1771338494.0534394","Unknown","1771338507406","-1"
"127.0.0.1:8056 -> 127.0.0.1:8056","1.0","Potential SYN Flood / Scan; Potential SYN Flood / Scan","Potential SYN Flood / Scan; Potential SYN Flood / Scan","0.9","68","5137","0.6130560169219971","1771338494.0534527","127.0.0.1:8056 -> 127.0.0.1:8056","1771338494.0534527","Unknown","1771338507406","1"
"127.0.0.1:8056 -> 127.0.0.1:8056","1.0","Potential SYN Flood / Scan; Potential SYN Flood / Scan","Potential SYN Flood / Scan; Potential SYN Flood / Scan","0.9","68","5137","0.6130560169219971","1771338494.0534527","127.0.0.1:8056 -> 127.0.0.1:8056","1771338494.0534527","Unknown","1771338507606","-1"
"127.0.0.1:8056 -> 127.0.0.1:8056","1.0","Potential SYN Flood / Scan; Potential SYN Flood / Scan","Potential SYN Flood / Scan; Potential SYN Flood / Scan","0.9","69","5191","0.6433723697662354","1771338494.083769","127.0.0.1:8056 -> 127.0.0.1:8056","1771338494.083769","Unknown","1771338507606","1"
"127.0.0.1:8056 -> 127.0.0.1:8056","1.0","Potential SYN Flood / Scan; Potential SYN Flood / Scan","Potential SYN Flood / Scan; Potential SYN Flood / Scan","0.9","69","5191","0.6433723697662354","1771338494.083769","127.0.0.1:8056 -> 127.0.0.1:8056","1771338494.083769","Unknown","1771338507806","-1"
"127.0.0.1:8056 -> 127.0.0.1:8056","1.0","Potential SYN Flood / Scan; Potential SYN Flood / Scan","Potential SYN Flood / Scan; Potential SYN Flood / Scan","0.9","70","5245","0.6433847675323486","1771338494.0837815","127.0.0.1:8056 -> 127.0.0.1:8056","1771338494.0837815","Unknown","1771338507806","1"
"127.0.0.1:8056 -> 127.0.0.1:8056","1.0","Potential SYN Flood / Scan; Potential SYN Flood / Scan","Potential SYN Flood / Scan; Potential SYN Flood / Scan","0.9","70","5245","0.6433847675323486","1771338494.0837815","127.0.0.1:8056 -> 127.0.0.1:8056","1771338494.0837815","Unknown","1771338508006","-1"
"127.0.0.1:8056 -> 127.0.0.1:8056","1.0","Potential SYN Flood / Scan; Potential SYN Flood / Scan","Potential SYN Flood / Scan; Potential SYN Flood / Scan","0.9","71","5697","0.6528194675445557","1771338494.0932162","127.0.0.1:8056 -> 127.0.0.1:8056","1771338494.0932162","Unknown","1771338508006","1"
"127.0.0.1:8056 -> 127.0.0.1:8056","1.0","Potential SYN Flood / Scan; Potential SYN Flood / Scan","Potential SYN Flood / Scan; Potential SYN Flood / Scan","0.9","71","5697","0.6528194675445557","1771338494.0932162","127.0.0.1:8056 -> 127.0.0.1:8056","1771338494.0932162","Unknown","1771338508206","-1"
"127.0.0.1:8056 -> 127.0.0.1:8056","1.0","Potential SYN Flood / Scan; Potential SYN Flood / Scan","Potential SYN Flood / Scan; Potential SYN Flood / Scan","0.9","72","5918","0.6545861492156982","1771338494.0949829","127.0.0.1:8056 -> 127.0.0.1:8056","1771338494.0949829","Unknown","1771338508206","1"
"127.0.0.1:8056 -> 127.0.0.1:8056","1.0","Potential SYN Flood / Scan; Potential SYN Flood / Scan","Potential SYN Flood / Scan; Potential SYN Flood / Scan","0.9","72","5918","0.6545861492156982","1771338494.0949829","127.0.0.1:8056 -> 127.0.0.1:8056","1771338494.0949829","Unknown","1771338508406","-1"
"127.0.0.1:8056 -> 127.0.0.1:8056","1.0","Potential SYN Flood / Scan; Potential SYN Flood / Scan","Potential SYN Flood / Scan; Potential SYN Flood / Scan","0.9","73","5984","0.6545961627960205","1771338494.0949929","127.0.0.1:8056 -> 127.0.0.1:8056","1771338494.0949929","Unknown","1771338508406","1"
"127.0.0.1:8056 -> 127.0.0.1:8056","1.0","Potential SYN Flood / Scan; Potential SYN Flood / Scan","Potential SYN Flood / Scan; Potential SYN Flood / Scan","0.9","73","5984","0.6545961627960205","1771338494.0949929","127.0.0.1:8056 -> 127.0.0.1:8056","1771338494.0949929","Unknown","1771338508606","-1"
"127.0.0.1:8056 -> 127.0.0.1:8056","1.0","Potential SYN Flood / Scan; Potential SYN Flood / Scan","Potential SYN Flood / Scan; Potential SYN Flood / Scan","0.9","74","6038","0.6700664291381836","1771338494.1104631","127.0.0.1:8056 -> 127.0.0.1:8056","1771338494.1104631","Unknown","1771338508606","1"
"127.0.0.1:8056 -> 127.0.0.1:8056","1.0","Potential SYN Flood / Scan; Potential SYN Flood / Scan","Potential SYN Flood / Scan; Potential SYN Flood / Scan","0.9","74","6038","0.6700664291381836","1771338494.1104631","127.0.0.1:8056 -> 127.0.0.1:8056","1771338494.1104631","Unknown","1771338508806","-1"
"127.0.0.1:8056 -> 127.0.0.1:8056","1.0","Potential SYN Flood / Scan; Potential SYN Flood / Scan","Potential SYN Flood / Scan; Potential SYN Flood / Scan","0.9","75","6092","0.6700785884857178","1771338494.1104753","127.0.0.1:8056 -> 127.0.0.1:8056","1771338494.1104753","Unknown","1771338508806","1"
"127.0.0.1:8056 -> 127.0.0.1:8056","1.0","Potential SYN Flood / Scan; Potential SYN Flood / Scan","Potential SYN Flood / Scan; Potential SYN Flood / Scan","0.9","75","6092","0.6700785884857178","1771338494.1104753","127.0.0.1:8056 -> 127.0.0.1:8056","1771338494.1104753","Unknown","1771338509006","-1"
"127.0.0.1:8056 -> 127.0.0.1:8056","1.0","Potential SYN Flood / Scan; Potential SYN Flood / Scan","Potential SYN Flood / Scan; Potential SYN Flood / Scan","0.9","76","6584","0.6728840599060059","1771338494.1132808","127.0.0.1:8056 -> 127.0.0.1:8056","1771338494.1132808","Unknown","1771338509006","1"
"127.0.0.1:8056 -> 127.0.0.1:8056","1.0","Potential SYN Flood / Scan; Potential SYN Flood / Scan","Potential SYN Flood / Scan; Potential SYN Flood / Scan","0.9","76","6584","0.6728840599060059","1771338494.1132808","127.0.0.1:8056 -> 127.0.0.1:8056","1771338494.1132808","Unknown","1771338509206","-1"
"127.0.0.1:8056 -> 127.0.0.1:8056","1.0","Potential SYN Flood / Scan; Potential SYN Flood / Scan","Potential SYN Flood / Scan; Potential SYN Flood / Scan","0.9","77","6650","0.6728935966491699","1771338494.1132903","127.0.0.1:8056 -> 127.0.0.1:8056","1771338494.1132903","Unknown","1771338509206","1"
"127.0.0.1:8056 -> 127.0.0.1:8056","1.0","Potential SYN Flood / Scan; Potential SYN Flood / Scan","Potential SYN Flood / Scan; Potential SYN Flood / Scan","0.9","77","6650","0.6728935966491699","1771338494.1132903","127.0.0.1:8056 -> 127.0.0.1:8056","1771338494.1132903","Unknown","1771338509406","-1"
"127.0.0.1:8056 -> 127.0.0.1:8056","1.0","Potential SYN Flood / Scan; Potential SYN Flood / Scan","Potential SYN Flood / Scan; Potential SYN Flood / Scan","0.9","78","7016","0.6741791496276855","1771338494.1145759","127.0.0.1:8056 -> 127.0.0.1:8056","1771338494.1145759","Unknown","1771338509406","1"
"127.0.0.1:8056 -> 127.0.0.1:8056","1.0","Potential SYN Flood / Scan; Potential SYN Flood / Scan","Potential SYN Flood / Scan; Potential SYN Flood / Scan","0.9","78","7016","0.6741791496276855","1771338494.1145759","127.0.0.1:8056 -> 127.0.0.1:8056","1771338494.1145759","Unknown","1771338509606","-1"
"127.0.0.1:8056 -> 127.0.0.1:8056","1.0","Potential SYN Flood / Scan; Potential SYN Flood / Scan","Potential SYN Flood / Scan; Potential SYN Flood / Scan","0.9","79","7082","0.6741860637664795","1771338494.1145828","127.0.0.1:8056 -> 127.0.0.1:8056","1771338494.1145828","Unknown","1771338509606","1"
"127.0.0.1:8056 -> 127.0.0.1:8056","1.0","Potential SYN Flood / Scan; Potential SYN Flood / Scan","Potential SYN Flood / Scan; Potential SYN Flood / Scan","0.9","79","7082","0.6741860637664795","1771338494.1145828","127.0.0.1:8056 -> 127.0.0.1:8056","1771338494.1145828","Unknown","1771338509806","-1"
"127.0.0.1:8056 -> 127.0.0.1:8056","1.0","Potential SYN Flood / Scan; Potential SYN Flood / Scan","Potential SYN Flood / Scan; Potential SYN Flood / Scan","0.9","80","7148","0.674783540725708","1771338494.1151803","127.0.0.1:8056 -> 127.0.0.1:8056","1771338494.1151803","Unknown","1771338509806","1"
"127.0.0.1:8056 -> 127.0.0.1:8056","1.0","Potential SYN Flood / Scan; Potential SYN Flood / Scan","Potential SYN Flood / Scan; Potential SYN Flood / Scan","0.9","80","7148","0.674783540725708","1771338494.1151803","127.0.0.1:8056 -> 127.0.0.1:8056","1771338494.1151803","Unknown","1771338510006","-1"
"127.0.0.1:8056 -> 127.0.0.1:8056","1.0","Potential SYN Flood / Scan; Potential SYN Flood / Scan","Potential SYN Flood / Scan; Potential SYN Flood / Scan","0.9","81","7214","0.6749153861999512","1771338494.115312","127.0.0.1:8056 -> 127.0.0.1:8056","1771338494.115312","Unknown","1771338510006","1"
"127.0.0.1:8056 -> 127.0.0.1:8056","1.0","Potential SYN Flood / Scan; Potential SYN Flood / Scan","Potential SYN Flood / Scan; Potential SYN Flood / Scan","0.9","81","7214","0.6749153861999512","1771338494.115312","127.0.0.1:8056 -> 127.0.0.1:8056","1771338494.115312","Unknown","1771338510206","-1"
"127.0.0.1:8056 -> 127.0.0.1:8056","1.0","Potential SYN Flood / Scan; Potential SYN Flood / Scan","Potential SYN Flood / Scan; Potential SYN Flood / Scan","0.9","82","7280","0.6749420890808105","1771338494.1153388","127.0.0.1:8056 -> 127.0.0.1:8056","1771338494.1153388","Unknown","1771338510206","1"
"127.0.0.1:8056 -> 127.0.0.1:8056","1.0","Potential SYN Flood / Scan; Potential SYN Flood / Scan","Potential SYN Flood / Scan; Potential SYN Flood / Scan","0.9","82","7280","0.6749420890808105","1771338494.1153388","127.0.0.1:8056 -> 127.0.0.1:8056","1771338494.1153388","Unknown","1771338510406","-1"
"127.0.0.1:8056 -> 127.0.0.1:8056","1.0","Potential SYN Flood / Scan; Potential SYN Flood / Scan","Potential SYN Flood / Scan; Potential SYN Flood / Scan","0.9","83","7334","0.7019677886962891","1771338494.1423645","127.0.0.1:8056 -> 127.0.0.1:8056","1771338494.1423645","Unknown","1771338510406","1"
"127.0.0.1:8056 -> 127.0.0.1:8056","1.0","Potential SYN Flood / Scan; Potential SYN Flood / Scan","Potential SYN Flood / Scan; Potential SYN Flood / Scan","0.9","83","7334","0.7019677886962891","1771338494.1423645","127.0.0.1:8056 -> 127.0.0.1:8056","1771338494.1423645","Unknown","1771338510606","-1"
"127.0.0.1:8056 -> 127.0.0.1:8056","1.0","Potential SYN Flood / Scan; Potential SYN Flood / Scan","Potential SYN Flood / Scan; Potential SYN Flood / Scan","0.9","84","7388","0.7019880542755127","1771338494.1423848","127.0.0.1:8056 -> 127.0.0.1:8056","1771338494.1423848","Unknown","1771338510606","1"
"127.0.0.1:8056 -> 127.0.0.1:8056","1.0","Potential SYN Flood / Scan; Potential SYN Flood / Scan","Potential SYN Flood / Scan; Potential SYN Flood / Scan","0.9","84","7388","0.7019880542755127","1771338494.1423848","127.0.0.1:8056 -> 127.0.0.1:8056","1771338494.1423848","Unknown","1771338510806","-1"
"127.0.0.1:8056 -> 127.0.0.1:8056","1.0","Potential SYN Flood / Scan","Potential SYN Flood / Scan","0.9","85","41581","0.7073040733337402","1771338494.1477008","127.0.0.1:8056 -> 127.0.0.1:8056","1771338494.1477008","Unknown","1771338510806","1"
"127.0.0.1:8056 -> 127.0.0.1:8056","1.0","Potential SYN Flood / Scan","Potential SYN Flood / Scan","0.9","85","41581","0.7073040733337402","1771338494.1477008","127.0.0.1:8056 -> 127.0.0.1:8056","1771338494.1477008","Unknown","1771338511006","-1"
"127.0.0.1:8056 -> 127.0.0.1:8056","1.0","Potential SYN Flood / Scan","Potential SYN Flood / Scan","0.9","86","41682","0.7076004276275635","1771338494.1479971","127.0.0.1:8056 -> 127.0.0.1:8056","1771338494.1479971","Unknown","1771338511006","1"
"127.0.0.1:8056 -> 127.0.0.1:8056","1.0","Potential SYN Flood / Scan","Potential SYN Flood / Scan","0.9","86","41682","0.7076004276275635","1771338494.1479971","127.0.0.1:8056 -> 127.0.0.1:8056","1771338494.1479971","Unknown","1771338511206","-1"
"127.0.0.1:8056 -> 127.0.0.1:8056","1.0","Potential SYN Flood / Scan","Potential SYN Flood / Scan","0.9","87","41748","0.7076104412078857","1771338494.1480072","127.0.0.1:8056 -> 127.0.0.1:8056","1771338494.1480072","Unknown","1771338511206","1"
